segid,resid,resname,contact_count,delta_sasa_sum,salt_bridge_designs,contact_norm,dsasa_norm,salt_bonus,hotspot_score,epitope_like
A,181,TRP,10,338.9091177747365,0,1.0,1.0,0.0,0.9,True
A,182,HIS,6,236.6653360539309,0,0.6,0.6983150456614029,0.0,0.5793260182645612,True
A,43,GLU,6,197.93864178111852,0,0.6,0.5840463752665481,0.0,0.5336185501066193,True
A,82,GLU,7,114.13015220233223,0,0.7,0.3367573966487127,0.0,0.4847029586594851,True
A,85,MET,4,213.80563170857906,0,0.4,0.6308642066416452,0.0,0.4523456826566581,True
A,96,LEU,4,180.69951163810174,0,0.4,0.5331798472244341,0.0,0.41327193888977365,True
A,179,PRO,3,197.9443172286363,0,0.3,0.5840631214891197,0.0,0.38362524859564784,True
A,84,HIS,5,113.19769717715349,0,0.5,0.3340060542496023,0.0,0.38360242169984093,True
A,87,TRP,4,139.85884419378618,0,0.4,0.4126735955411695,0.0,0.3650694382164678,True
A,178,PHE,4,132.4391652904036,0,0.4,0.3907807678943363,0.0,0.35631230715773454,True
A,164,SER,4,131.75914095909036,0,0.4,0.3887742584921159,0.0,0.3555097033968464,True
A,163,ALA,3,128.77463138033386,0,0.3,0.379968034574764,0.0,0.3019872138299056,True
A,65,MET,3,128.0866147883683,0,0.3,0.3779379428602565,0.0,0.3011751771441026,True
A,183,GLN,2,161.26105027679418,0,0.2,0.47582387672431975,0.0,0.2903295506897279,True
A,129,TYR,3,108.93763438710604,0,0.3,0.3214361274856992,0.0,0.2785744509942797,True
A,95,TRP,3,103.94746615254817,0,0.3,0.306711919806298,0.0,0.27268476792251917,True
A,78,PRO,3,102.27874521154106,0,0.3,0.3017881191367737,0.0,0.2707152476547095,True
A,158,ASN,4,54.67449924760045,0,0.4,0.16132495816751993,0.0,0.264529983267008,True
A,160,LYS,3,58.50275923262312,1,0.3,0.1726207887729603,0.2,0.23904831550918415,True
A,67,ARG,3,73.41807535986972,0,0.3,0.2166305699944865,0.0,0.2366522279977946,True
A,161,SER,3,72.2346605070849,0,0.3,0.21313873460051694,0.0,0.23525549384020678,True
A,98,GLN,2,108.41181802677484,0,0.2,0.31988463083732427,0.0,0.2279538523349297,True
A,166,ARG,1,143.81786710191201,0,0.1,0.42435526092131803,0.0,0.2197421043685272,True
A,126,GLY,3,52.7872261241157,0,0.3,0.15575628791197615,0.0,0.21230251516479046,True
A,128,LYS,2,62.066108746535846,1,0.2,0.18313496300736726,0.2,0.1932539852029469,True
A,80,GLN,2,75.60990001280449,0,0.2,0.22309786325388947,0.0,0.1892391453015558,True
A,131,HIS,2,75.30940962101785,0,0.2,0.22221122321965361,0.0,0.18888448928786145,True
A,117,LYS,2,55.11239409357209,1,0.2,0.16261702976726572,0.2,0.1850468119069063,True
A,74,THR,2,70.00663462976567,0,0.2,0.206564624432138,0.0,0.1826258497728552,True
A,1,GLY,2,69.2055286364174,0,0.2,0.20420084620566742,0.0,0.18168033848226697,True
A,77,ASP,1,103.8968186219779,0,0.1,0.30656247699725575,0.0,0.1726249907989023,True
A,125,LYS,1,99.67284189686197,0,0.1,0.29409902734783233,0.0,0.16763961093913293,True
A,157,HIS,2,49.17861373616766,0,0.2,0.14510855907056275,0.0,0.1580434236282251,True
A,180,PRO,1,90.09965747502342,0,0.1,0.26585197254831655,0.0,0.15634078901932663,True
A,86,GLY,2,42.617733302723565,0,0.2,0.12574973958372637,0.0,0.15029989583349057,True
A,75,ILE,1,75.78560689910265,0,0.1,0.22361631164339238,0.0,0.13944652465735696,True
A,15,ARG,2,27.927899736258553,0,0.2,0.0824052770242123,0.0,0.13296211080968492,True
A,110,TRP,1,52.85020373243164,0,0.1,0.15594211238530237,0.0,0.11237684495412095,True
A,83,VAL,2,9.286773707387468,0,0.2,0.027401958874296587,0.0,0.11096078354971864,True
A,168,SER,1,49.283797067048546,0,0.1,0.14541891758664965,0.0,0.10816756703465986,True
A,18,GLU,1,31.790943824811634,1,0.1,0.09380374312013108,0.2,0.10752149724805245,True
A,165,PHE,1,48.64193247127028,0,0.1,0.14352500396168516,0.0,0.10741000158467406,True
A,94,LYS,1,37.66598229340364,0,0.1,0.11113888744191053,0.0,0.09445555497676422,True
A,127,LYS,1,31.02090744591154,0,0.1,0.09153164025091316,0.0,0.08661265610036527,True
A,177,MET,1,30.077872434645748,0,0.1,0.08874908008417076,0.0,0.08549963203366831,True
A,45,LEU,1,30.021995874969548,0,0.1,0.08858420827416139,0.0,0.08543368330966455,True
A,69,GLN,1,26.281073535372,0,0.1,0.07754607992824879,0.0,0.08101843197129951,True
A,40,PHE,1,24.45665744131294,0,0.1,0.07216287836070732,0.0,0.07886515134428293,True
A,148,SER,1,22.399270994505244,0,0.1,0.06609226432613542,0.0,0.07643690573045417,True
A,60,VAL,0,63.630379432804524,0,0.0,0.1877505682071908,0.0,0.07510022728287633,True
A,159,ASN,1,20.60935131477386,0,0.1,0.060810849380783925,0.0,0.07432433975231358,True
A,162,SER,1,13.338992233272212,0,0.1,0.03935861130221427,0.0,0.06574344452088571,True
A,172,PRO,0,51.74591075961184,0,0.0,0.1526837374555556,0.0,0.06107349498222225,True
A,152,ARG,0,45.79299747807691,0,0.0,0.13511881231980974,0.0,0.0540475249279239,True
A,2,LEU,0,42.60115566708908,0,0.0,0.12570082489018453,0.0,0.050280329956073816,True
A,150,PHE,0,37.62046867190478,0,0.0,0.11100459296851985,0.0,0.04440183718740794,True
A,63,SER,0,37.46419446353225,0,0.0,0.11054348348465994,0.0,0.04421739339386398,True
A,61,LYS,0,35.52306013657265,0,0.0,0.10481588801686902,0.0,0.04192635520674761,True
A,42,ASN,0,35.464131951666204,0,0.0,0.10464201194857858,0.0,0.041856804779431434,True
A,19,GLU,0,13.878993058808462,1,0.0,0.04095196125125628,0.2,0.036380784500502514,True
A,144,ASN,0,25.738149290791682,0,0.0,0.07594410401168114,0.0,0.03037764160467246,True
A,124,GLY,0,22.368255251923777,0,0.0,0.06600074792555843,0.0,0.026400299170223376,True
A,121,LEU,0,19.773094405441856,0,0.0,0.0583433533310381,0.0,0.023337341332415242,True
A,4,LYS,0,17.861760277606038,0,0.0,0.052703687628369605,0.0,0.021081475051347845,True
A,119,THR,0,16.153581605078077,0,0.0,0.04766346125811497,0.0,0.01906538450324599,True
A,64,GLY,0,15.909543002042842,0,0.0,0.04694339032984493,0.0,0.018777356131937973,True
A,175,PRO,0,14.385893216423156,0,0.0,0.0424476429282291,0.0,0.01697905717129164,True
A,101,ASP,0,14.214324265729882,0,0.0,0.04194140411169979,0.0,0.016776561644679916,True
A,44,SER,0,12.781953036835368,0,0.0,0.037714987194092484,0.0,0.015085994877636994,True
A,88,LEU,0,11.22774788026359,0,0.0,0.033129081784475226,0.0,0.01325163271379009,True
A,169,LEU,0,8.109037336865768,0,0.0,0.02392687865735032,0.0,0.009570751462940128,True
A,97,PHE,0,6.951333873334572,0,0.0,0.02051090840806157,0.0,0.008204363363224628,True
A,170,GLY,0,6.084143142411576,0,0.0,0.017952137677380332,0.0,0.007180855070952133,True
A,130,PHE,0,4.277351375454373,0,0.0,0.012620939216800327,0.0,0.005048375686720131,False
A,176,SER,0,3.8036345399150946,0,0.0,0.011223169694842099,0.0,0.0044892678779368395,False
A,79,VAL,0,3.0892188479288123,0,0.0,0.009115183646319396,0.0,0.003646073458527759,False
A,167,ILE,0,2.8965445510086694,0,0.0,0.00854667047622461,0.0,0.003418668190489844,False
A,123,ASN,0,2.076952912522657,0,0.0,0.006128347700291587,0.0,0.002451339080116635,False
A,132,GLU,0,2.002162549720069,0,0.0,0.005907667999215208,0.0,0.0023630671996860836,False
A,154,LEU,0,1.829764035913577,0,0.0,0.005398981437642437,0.0,0.002159592575056975,False
A,41,HIS,0,1.703410891866696,0,0.0,0.005026158349032397,0.0,0.002010463339612959,False
A,14,VAL,0,1.266615036531359,0,0.0,0.0037373294789113435,0.0,0.0014949317915645376,False
A,116,ARG,0,1.047813037353336,0,0.0,0.0030917227728579095,0.0,0.001236689109143164,False
A,93,THR,0,0.9756959162151091,0,0.0,0.0028789308550371522,0.0,0.0011515723420148609,False
A,156,GLY,0,0.9754225186178545,0,0.0,0.002878124156182162,0.0,0.0011512496624728648,False
A,76,SER,0,0.9453941910826322,0,0.0,0.00278952126543556,0.0,0.001115808506174224,False
A,59,ARG,0,0.863328796575459,0,0.0,0.0025473755390354818,0.0,0.0010189502156141928,False
A,89,LEU,0,0.783209426635108,0,0.0,0.0023109718374578684,0.0,0.0009243887349831474,False
A,73,SER,0,0.5666061769172868,0,0.0,0.0016718528573016857,0.0,0.0006687411429206744,False
A,17,LEU,0,0.39112897382448353,0,0.0,0.001154082181065592,0.0,0.00046163287242623684,False
A,81,LEU,0,0.3477384286704294,0,0.0,0.0010260521491828422,0.0,0.0004104208596731369,False
A,30,PHE,0,0.0,0,0.0,0.0,0.0,0.0,False
A,68,CYS,0,0.0,0,0.0,0.0,0.0,0.0,False
A,37,ILE,0,0.0,0,0.0,0.0,0.0,0.0,False
A,31,SER,0,0.0,0,0.0,0.0,0.0,0.0,False
A,113,ARG,0,0.0,0,0.0,0.0,0.0,0.0,False
A,57,SER,0,0.0,0,0.0,0.0,0.0,0.0,False
A,58,ALA,0,0.0,0,0.0,0.0,0.0,0.0,False
A,29,THR,0,0.0,0,0.0,0.0,0.0,0.0,False
A,5,ALA,0,0.0,0,0.0,0.0,0.0,0.0,False
A,71,ALA,0,0.0,0,0.0,0.0,0.0,0.0,False
A,7,VAL,0,0.0,0,0.0,0.0,0.0,0.0,False
A,91,GLN,0,0.0,0,0.0,0.0,0.0,0.0,False
A,146,SER,0,0.0,0,0.0,0.0,0.0,0.0,False
A,52,ASN,0,0.0,0,0.0,0.0,0.0,0.0,False
A,53,TYR,0,0.0,0,0.0,0.0,0.0,0.0,False
A,136,LEU,0,0.0,0,0.0,0.0,0.0,0.0,False
A,145,ASP,0,0.0,0,0.0,0.0,0.0,0.0,False
A,72,LEU,0,0.0,0,0.0,0.0,0.0,0.0,False
A,66,TYR,0,0.0,0,0.0,0.0,0.0,0.0,False
A,46,ILE,0,0.0,0,0.0,0.0,0.0,0.0,False
A,102,PRO,0,0.0,0,0.0,0.0,0.0,0.0,False
A,174,SER,0,0.0,0,0.0,0.0,0.0,0.0,False
A,135,GLU,0,0.0,0,0.0,0.0,0.0,0.0,False
A,23,THR,0,0.0,0,0.0,0.0,0.0,0.0,False
A,143,HIS,0,0.0,0,0.0,0.0,0.0,0.0,False
A,138,ILE,0,0.0,0,0.0,0.0,0.0,0.0,False
A,48,HIS,0,0.0,0,0.0,0.0,0.0,0.0,False
A,142,THR,0,0.0,0,0.0,0.0,0.0,0.0,False
A,149,TYR,0,0.0,0,0.0,0.0,0.0,0.0,False
A,118,VAL,0,0.0,0,0.0,0.0,0.0,0.0,False
A,34,ASP,0,0.0,0,0.0,0.0,0.0,0.0,False
A,54,VAL,0,0.0,0,0.0,0.0,0.0,0.0,False
A,16,VAL,0,0.0,0,0.0,0.0,0.0,0.0,False
A,107,CYS,0,0.0,0,0.0,0.0,0.0,0.0,False
A,151,CYS,0,0.0,0,0.0,0.0,0.0,0.0,False
A,155,ILE,0,0.0,0,0.0,0.0,0.0,0.0,False
A,99,GLU,0,0.0,0,0.0,0.0,0.0,0.0,False
A,153,GLY,0,0.0,0,0.0,0.0,0.0,0.0,False
A,62,ASP,0,0.0,0,0.0,0.0,0.0,0.0,False
A,35,ASN,0,0.0,0,0.0,0.0,0.0,0.0,False
A,9,LEU,0,0.0,0,0.0,0.0,0.0,0.0,False
A,111,GLN,0,0.0,0,0.0,0.0,0.0,0.0,False
A,21,SER,0,0.0,0,0.0,0.0,0.0,0.0,False
A,49,GLN,0,0.0,0,0.0,0.0,0.0,0.0,False
A,24,LEU,0,0.0,0,0.0,0.0,0.0,0.0,False
A,90,LEU,0,0.0,0,0.0,0.0,0.0,0.0,False
A,32,PRO,0,0.0,0,0.0,0.0,0.0,0.0,False
A,36,SER,0,0.0,0,0.0,0.0,0.0,0.0,False
A,70,THR,0,0.0,0,0.0,0.0,0.0,0.0,False
A,6,VAL,0,0.0,0,0.0,0.0,0.0,0.0,False
A,55,ILE,0,0.0,0,0.0,0.0,0.0,0.0,False
A,171,ASP,0,0.0,0,0.0,0.0,0.0,0.0,False
A,133,ASN,0,0.0,0,0.0,0.0,0.0,0.0,False
A,25,ARG,0,0.0,0,0.0,0.0,0.0,0.0,False
A,134,SER,0,0.0,0,0.0,0.0,0.0,0.0,False
A,106,ARG,0,0.0,0,0.0,0.0,0.0,0.0,False
A,11,PRO,0,0.0,0,0.0,0.0,0.0,0.0,False
A,140,LYS,0,0.0,0,0.0,0.0,0.0,0.0,False
A,26,CYS,0,0.0,0,0.0,0.0,0.0,0.0,False
A,137,LEU,0,0.0,0,0.0,0.0,0.0,0.0,False
A,13,TRP,0,0.0,0,0.0,0.0,0.0,0.0,False
A,28,GLY,0,0.0,0,0.0,0.0,0.0,0.0,False
A,56,GLN,0,0.0,0,0.0,0.0,0.0,0.0,False
A,173,GLY,0,0.0,0,0.0,0.0,0.0,0.0,False
A,33,GLU,0,0.0,0,0.0,0.0,0.0,0.0,False
A,112,ASN,0,0.0,0,0.0,0.0,0.0,0.0,False
A,39,TRP,0,0.0,0,0.0,0.0,0.0,0.0,False
A,20,ASP,0,0.0,0,0.0,0.0,0.0,0.0,False
A,12,LYS,0,0.0,0,0.0,0.0,0.0,0.0,False
A,3,GLN,0,0.0,0,0.0,0.0,0.0,0.0,False
A,109,SER,0,0.0,0,0.0,0.0,0.0,0.0,False
A,100,GLY,0,0.0,0,0.0,0.0,0.0,0.0,False
A,104,HIS,0,0.0,0,0.0,0.0,0.0,0.0,False
A,92,THR,0,0.0,0,0.0,0.0,0.0,0.0,False
A,108,HIS,0,0.0,0,0.0,0.0,0.0,0.0,False
A,105,LEU,0,0.0,0,0.0,0.0,0.0,0.0,False
A,103,ILE,0,0.0,0,0.0,0.0,0.0,0.0,False
A,50,ASP,0,0.0,0,0.0,0.0,0.0,0.0,False
A,10,ASP,0,0.0,0,0.0,0.0,0.0,0.0,False
A,139,PRO,0,0.0,0,0.0,0.0,0.0,0.0,False
A,47,PRO,0,0.0,0,0.0,0.0,0.0,0.0,False
A,120,TYR,0,0.0,0,0.0,0.0,0.0,0.0,False
A,115,VAL,0,0.0,0,0.0,0.0,0.0,0.0,False
A,147,GLY,0,0.0,0,0.0,0.0,0.0,0.0,False
A,114,PRO,0,0.0,0,0.0,0.0,0.0,0.0,False
A,51,ALA,0,0.0,0,0.0,0.0,0.0,0.0,False
A,141,ALA,0,0.0,0,0.0,0.0,0.0,0.0,False
A,22,VAL,0,0.0,0,0.0,0.0,0.0,0.0,False
A,122,GLN,0,0.0,0,0.0,0.0,0.0,0.0,False
A,27,GLN,0,0.0,0,0.0,0.0,0.0,0.0,False
A,8,ASN,0,0.0,0,0.0,0.0,0.0,0.0,False
A,38,LYS,0,0.0,0,0.0,0.0,0.0,0.0,False
